,loss,mean_absolute_error,val_loss,val_mean_absolute_error
0,7.274441636126975,2.384568214416504,5.70554122607417,2.0723555088043213
1,5.0519521443740185,1.9444729089736938,3.7467491649410047,1.6512264013290405
2,3.0382971556290337,1.4714858531951904,2.251402470653673,1.2502721548080444
3,1.8438332547312197,1.0928757190704346,1.648611578057194,1.0276999473571777
4,1.4027263301870097,0.9251607060432434,1.3099931174337203,0.9102912545204163
5,1.1066076794396276,0.8125820755958557,1.0391006968478582,0.8011289834976196
6,0.879712603662325,0.7100491523742676,0.825757307787138,0.7032819986343384
7,0.7088594517630079,0.6284574270248413,0.6689285371930777,0.6212713718414307
8,0.5874598253032436,0.5604731440544128,0.5602214495089088,0.5592139363288879
9,0.49887949082514516,0.5100669264793396,0.4868684872488968,0.514105498790741
10,0.4357918598081755,0.47405633330345154,0.43935564618480943,0.48356562852859497
11,0.3865538061313007,0.44548481702804565,0.3986974270710288,0.45658600330352783
12,0.34958622345457907,0.42079296708106995,0.37175681544748235,0.43745434284210205
13,0.3216701545145201,0.39970993995666504,0.3513793918863529,0.42780759930610657
14,0.30000489917786227,0.3847711384296417,0.3293368020545095,0.41139426827430725
15,0.2818006912003393,0.37148189544677734,0.3138034705975921,0.40115073323249817
16,0.26658388194830523,0.36027687788009644,0.3049395120748438,0.39410489797592163
17,0.2517664090770742,0.348026841878891,0.2926139150009669,0.3874834477901459
18,0.24108353726889775,0.3394468128681183,0.2755557710508537,0.3688350319862366
19,0.23137191099965054,0.33121269941329956,0.2649089514075671,0.3590793013572693
20,0.22320866422808688,0.3223493695259094,0.25889268630846934,0.3548603951931
21,0.2165697751485783,0.3159591257572174,0.24763919534707787,0.3436483144760132
22,0.2113978932409183,0.3106810748577118,0.24236742498001848,0.3365444540977478
23,0.20572438609340918,0.30751222372055054,0.23790324310493166,0.33301064372062683
24,0.2005305006776167,0.3018403947353363,0.23278820847652604,0.3291400074958801
25,0.19559217519734218,0.29778623580932617,0.22807569865568314,0.32356271147727966
26,0.1917697032508643,0.293908029794693,0.22292356782263698,0.32154136896133423
27,0.1883832718367162,0.2900014817714691,0.219802444006675,0.3162200152873993
28,0.1847503115625485,0.2867632806301117,0.2148321656814279,0.3115050196647644
29,0.18150483249970104,0.2820754647254944,0.21219153420057993,0.30838561058044434
30,0.17838144561518793,0.280588835477829,0.21130471722637606,0.3049670457839966
31,0.17549754784482977,0.27747848629951477,0.20681477721821864,0.3011420667171478
32,0.17402337677776814,0.2754848599433899,0.2057915369370471,0.3015010356903076
33,0.1708624550829763,0.27196204662323,0.20454683226847611,0.2963029146194458
34,0.16887157264610994,0.27100518345832825,0.20332018561106288,0.2939733564853668
35,0.166384888731915,0.267576664686203,0.19971102818539704,0.2916962206363678
36,0.16476120297675548,0.2660120129585266,0.1994639485838296,0.2920442223548889
37,0.16320931304084219,0.26434019207954407,0.20045297714496377,0.2946914732456207
38,0.16175434220096338,0.2615266442298889,0.19805960099784017,0.2917212247848511
39,0.15964427371711834,0.2604215145111084,0.19746752847251725,0.2908160984516144
40,0.15629806879745878,0.2568979263305664,0.1978404549040526,0.29399269819259644
41,0.158600102543183,0.25761866569519043,0.19270643523396858,0.28443092107772827
42,0.1555367300853781,0.2544592618942261,0.1927853336472141,0.2854400873184204
43,0.1542763070243856,0.25351768732070923,0.19128215094517603,0.28459036350250244
44,0.1532260535041923,0.2525798976421356,0.1902992092013926,0.2815391421318054
45,0.1528910460031551,0.25119853019714355,0.18886453347803106,0.28047606348991394
46,0.15152955387273562,0.24996083974838257,0.1916589226733108,0.28476810455322266
47,0.1500220040426306,0.24835394322872162,0.18930552500741418,0.27994754910469055
48,0.1494236884071775,0.24745352566242218,0.18997259779276826,0.280758261680603
49,0.14851979757456676,0.24536408483982086,0.1864317525680016,0.2768319845199585
50,0.14695484563708305,0.24437332153320312,0.1890545793220094,0.2798471450805664
51,0.1450284973758718,0.24176503717899323,0.19090846650857365,0.2813120484352112
52,0.1449570246040821,0.24256059527397156,0.1893168625004129,0.2805492579936981
53,0.1446015633156766,0.24337191879749298,0.18696276751448726,0.2792488634586334
54,0.14330730376684148,0.24194283783435822,0.1882097292720988,0.27702027559280396
55,0.1422177132057107,0.2403050661087036,0.18724795195927899,0.2789716422557831
56,0.14205578771298347,0.2392837107181549,0.190032407358029,0.28108665347099304
57,0.1412513485259336,0.2389981895685196,0.1852015444622176,0.2736319303512573
58,0.14033227640649545,0.23813337087631226,0.19078831856394343,0.2775314152240753
59,0.13832949077629525,0.23571114242076874,0.18496701675105587,0.2742885947227478
60,0.13750090514836105,0.2363443374633789,0.18868953778324338,0.27515748143196106
61,0.13859429931187112,0.23457621037960052,0.1847822743625913,0.2725429832935333
62,0.1369096347657235,0.2323693186044693,0.18706845231177122,0.27668365836143494
63,0.13660546076362548,0.23467084765434265,0.18442695764987102,0.2714187800884247
64,0.13535236923590951,0.23039399087429047,0.18574091230066,0.27308517694473267
65,0.13560488236987073,0.23172760009765625,0.1857718922634699,0.2729317247867584
66,0.13482229711244936,0.230420783162117,0.18653588150458178,0.27261218428611755
67,0.13418161528913872,0.23022213578224182,0.18571105870977633,0.2703888714313507
68,0.1337511142634827,0.22808381915092468,0.18254246710314048,0.26724353432655334
69,0.13150857737206895,0.22766146063804626,0.18645555121018278,0.2752823233604431
70,0.131934257629125,0.2281818389892578,0.18336331551501944,0.26802095770835876
71,0.13067402431498404,0.2272205799818039,0.18483343791281553,0.26794540882110596
72,0.13064476207870504,0.2243395894765854,0.1856755666234036,0.27110937237739563
73,0.13011254694150842,0.22570590674877167,0.1833825778399141,0.2684279680252075
74,0.1289005110283261,0.22348664700984955,0.184789874238182,0.269607275724411
75,0.12697526780159576,0.2234448939561844,0.18304111705812523,0.26751700043678284
76,0.12670083319687325,0.22142040729522705,0.18284865552574253,0.26904720067977905
77,0.1273635563481113,0.2227446287870407,0.18245902289112473,0.2645529508590698
78,0.12618717146308525,0.22078663110733032,0.18336185229655869,0.26529642939567566
79,0.1258188924225776,0.2196187973022461,0.18573383615011269,0.2664646804332733
80,0.12375632219988367,0.21903696656227112,0.18138178025863816,0.26290982961654663
81,0.12468017346185187,0.21884474158287048,0.1829177662139838,0.26674917340278625
82,0.12343424202307411,0.2173517495393753,0.18299489926470064,0.2650206387042999
83,0.12210533784135529,0.21547158062458038,0.18316581416668493,0.2639445662498474
84,0.12146207487777523,0.21674102544784546,0.18466956722188488,0.26577702164649963
85,0.12118224605270055,0.21515877544879913,0.18158088003398878,0.2629913091659546
86,0.11959106831446938,0.21514345705509186,0.18096688442912232,0.2619253396987915
87,0.11990554537624121,0.21458661556243896,0.18325725710240862,0.26268914341926575
88,0.11881860588555751,0.21336613595485687,0.1818393034692234,0.262468546628952
89,0.11835499431775964,0.21253815293312073,0.18457036467767934,0.2648466229438782
90,0.11847944735832837,0.2120933085680008,0.18110257754376877,0.25972312688827515
91,0.11633820426852806,0.21242235600948334,0.18203069501085628,0.26331010460853577
92,0.11615581300271594,0.20961925387382507,0.1819653959617184,0.2616858184337616
93,0.11517821049884609,0.21005916595458984,0.18366702928218145,0.26360487937927246
94,0.11602985381108263,0.20934174954891205,0.17984281572411442,0.25921395421028137
95,0.11340486144889957,0.20782570540905,0.1833565557720922,0.2603430151939392
96,0.1139002303066461,0.20624005794525146,0.18693452308370648,0.2656943202018738
97,0.11329415367673272,0.20597511529922485,0.18269059119861214,0.2608169615268707
98,0.113013897900996,0.20743784308433533,0.1798785433244025,0.2557235360145569
99,0.11164807455371255,0.20536990463733673,0.18258937499035746,0.26502087712287903
100,0.11154858128208181,0.20497694611549377,0.18290746415095926,0.2611500024795532
101,0.11010936850115009,0.20393377542495728,0.1801837850037354,0.2568552494049072
102,0.10980068054050207,0.2019326537847519,0.18332687154908187,0.2610399127006531
103,0.10866758186856042,0.2018226683139801,0.1773895099641026,0.2555617392063141
104,0.10753121579308873,0.1989986151456833,0.18017108525886022,0.25555238127708435
105,0.10692878027001153,0.19991865754127502,0.17749380139654677,0.2515348494052887
106,0.105476220421817,0.19890335202217102,0.17881954049251725,0.25159716606140137
107,0.10503796998249448,0.19790659844875336,0.1767748047357127,0.2502851188182831
108,0.10455084600202415,0.19700750708580017,0.1775053134527524,0.2544574439525604
109,0.1048968160605949,0.197182759642601,0.17709877014915842,0.24994979798793793
110,0.10377289970283923,0.19499991834163666,0.17531446673318438,0.24718132615089417
111,0.10225036663367697,0.1934444010257721,0.17873564578604584,0.25047567486763
112,0.10233955040736042,0.19423262774944305,0.17396648269495005,0.24994508922100067
113,0.10074314313090366,0.19157537817955017,0.1739614139858592,0.24600857496261597
114,0.09969950787237157,0.19110821187496185,0.17661414006149334,0.24761447310447693
115,0.09862829987769542,0.19120454788208008,0.17395960368369537,0.2451188862323761
116,0.09848143152244714,0.1909458339214325,0.1703839306667943,0.23896291851997375
117,0.09733676756529705,0.18695619702339172,0.17124317444731052,0.24113401770591736
118,0.09634945946543114,0.18779902160167694,0.1739563341186088,0.24217243492603302
119,0.09520229158680076,0.1855517476797104,0.17344344123938193,0.24279047548770905
120,0.09555556078481933,0.18605296313762665,0.1717625272514892,0.23954705893993378
121,0.09452521691665701,0.18362076580524445,0.1723246200101689,0.23977378010749817
122,0.09331990098175795,0.18294237554073334,0.17025372049462775,0.23620276153087616
123,0.09374119855625473,0.18260791897773743,0.16893833992551133,0.23460543155670166
124,0.09209029291473005,0.18025557696819305,0.17043325347492322,0.23588252067565918
125,0.09166584414956362,0.17977793514728546,0.16965428145865064,0.23577092587947845
126,0.09060466406947892,0.1788749098777771,0.17046573989553798,0.23514136672019958
127,0.09069956045435823,0.178413987159729,0.17049004468128157,0.23481568694114685
128,0.08898550219347943,0.17713265120983124,0.17661474297995045,0.24312573671340942
129,0.08786503525207871,0.17663584649562836,0.16814747256730136,0.23309361934661865
130,0.08856993439890769,0.17419090867042542,0.1679105571989212,0.2310335636138916
131,0.08732887187405773,0.17259852588176727,0.1703495307457995,0.2329224944114685
132,0.08621672775758349,0.17351789772510529,0.1696445099572561,0.23186220228672028
133,0.08584486012873442,0.1729775369167328,0.17333999450913323,0.23522987961769104
134,0.08601808086361575,0.17435207962989807,0.16787963542089504,0.23209945857524872
135,0.08486175646438547,0.17292852699756622,0.1709766677579298,0.23529720306396484
136,0.08432425129348817,0.1690962165594101,0.16707340163280582,0.22734913229942322
137,0.08387450007316859,0.17044688761234283,0.169208369051031,0.2315835803747177
138,0.08202510748220526,0.16812658309936523,0.17236569150691933,0.23338109254837036
139,0.08252529326178458,0.16966889798641205,0.1728650195119687,0.23705965280532837
140,0.08142482813285745,0.1664143055677414,0.16878446438327643,0.23017460107803345
141,0.08064699419976576,0.16645756363868713,0.16758275336678924,0.22770050168037415
142,0.08010058473471714,0.16553422808647156,0.16866127244549584,0.22894655168056488
143,0.08012730875254973,0.1653677374124527,0.16925208480134252,0.22954979538917542
144,0.07947421252079633,0.16278910636901855,0.17459640901081158,0.23357656598091125
145,0.07927926771504723,0.16545501351356506,0.17058680465123166,0.22800292074680328
146,0.07850671855165907,0.16211630403995514,0.16841351298730461,0.2258509248495102
147,0.07826053492886864,0.16264162957668304,0.17522310261303195,0.23317591845989227
148,0.07770236026819634,0.1623767912387848,0.17192391236497181,0.2280186414718628
149,0.07596541710359894,0.16166621446609497,0.1719374845421352,0.2289959192276001
150,0.07511603054792984,0.15853658318519592,0.1703743812777161,0.22598911821842194
151,0.07683395889952131,0.16142992675304413,0.17027808218108115,0.22459135949611664
152,0.07453179112433092,0.1587519347667694,0.1779049095976655,0.2350936084985733
153,0.07511503103634586,0.15866801142692566,0.1710900458169248,0.2257309854030609
154,0.07500458642354478,0.15884001553058624,0.17273886541934852,0.22448769211769104
155,0.07469944987931977,0.15765950083732605,0.17166116988366076,0.22484299540519714
156,0.07314304906227019,0.1554715484380722,0.17636860982646277,0.2287045121192932
157,0.07305085578042528,0.1563703566789627,0.1716744286346171,0.22281725704669952
158,0.07224420567407557,0.15462347865104675,0.17483427362566706,0.22875277698040009
159,0.07200106150349198,0.15526407957077026,0.1710630466131325,0.22565291821956635
160,0.07113581142671731,0.15457916259765625,0.1729731589036207,0.2248862385749817
161,0.07070287588335898,0.15432694554328918,0.1729094584231898,0.22382068634033203
162,0.07037467764609534,0.15264703333377838,0.17835569508940502,0.2298111915588379
163,0.06988149164649456,0.15236800909042358,0.17612253429394706,0.22762629389762878
164,0.06938083639935307,0.15264102816581726,0.17445313047304772,0.22495536506175995
165,0.06930539141530576,0.15000706911087036,0.17450630409781792,0.22642679512500763
166,0.06891567745934361,0.15093877911567688,0.1706910784667721,0.2176569253206253
167,0.0676015010913429,0.14917124807834625,0.1793744111353924,0.22940905392169952
168,0.06887105803774751,0.14999179542064667,0.17443327802910857,0.22132954001426697
169,0.06674065558320802,0.15020745992660522,0.17446965741350798,0.22632822394371033
170,0.06744192407021056,0.1494811326265335,0.17521130238112104,0.22296717762947083
171,0.06648478571973417,0.14885614812374115,0.18519325090333136,0.2414511889219284
172,0.06682894457860486,0.14758659899234772,0.17434543720704818,0.22089986503124237
173,0.06620129635152609,0.14792218804359436,0.1806071814379866,0.2287854701280594
174,0.06577438905673183,0.14773982763290405,0.18139408389475378,0.23472385108470917
175,0.06590065445103076,0.14776289463043213,0.17861478543130418,0.22513826191425323
176,0.06548455007293302,0.14625608921051025,0.17707919427407715,0.22356592118740082
177,0.06453484936576823,0.14781560003757477,0.17940073740180057,0.22382508218288422
178,0.06457400058760591,0.14519667625427246,0.17992026905533628,0.22430020570755005
179,0.06446552078199128,0.14729808270931244,0.1795675608133174,0.22318044304847717
180,0.06428159740955933,0.14572949707508087,0.17745409726435332,0.221909299492836
181,0.0632626217506502,0.1450832337141037,0.1836685256799314,0.2307819277048111
182,0.06288956775856407,0.1451701670885086,0.18231631019307676,0.227134108543396
183,0.0627317562415872,0.14428181946277618,0.17892691922830137,0.2212015837430954
184,0.06351499676542438,0.14427682757377625,0.18115904946145844,0.22653740644454956
185,0.06278554386580767,0.14350499212741852,0.1810830143146016,0.22281800210475922
186,0.06243337628067187,0.14509627223014832,0.1796146498523688,0.22205719351768494
187,0.06232816936529201,0.14288228750228882,0.17923945641933267,0.22058773040771484
188,0.06231017530207401,0.14280442893505096,0.17997121825082177,0.22122666239738464
189,0.06151987417884495,0.14309172332286835,0.1820487554307596,0.22220772504806519
190,0.060618817057136606,0.14198905229568481,0.1801881357059237,0.22114108502864838
191,0.060771417156185795,0.1415938138961792,0.18162548408006715,0.2234421819448471
192,0.06112335472489181,0.14399656653404236,0.18042374595928873,0.22020891308784485
193,0.060213629176597235,0.13935557007789612,0.18737189360730433,0.2333223819732666
194,0.0608212916261476,0.13996997475624084,0.17916295579420594,0.21998579800128937
195,0.05947984092990342,0.13965637981891632,0.17787348435344486,0.2179282009601593
196,0.06046043903283451,0.13887663185596466,0.17747472498193972,0.2228328287601471
197,0.059900293106456164,0.13999953866004944,0.1847869247528717,0.22534871101379395
198,0.059837756799938885,0.1391744166612625,0.18002492307483112,0.22033707797527313
199,0.05859964349023674,0.13864275813102722,0.17935831327634832,0.22314965724945068
200,0.0586693704776142,0.13691392540931702,0.18036334365370157,0.2221277803182602
201,0.0594571431207916,0.13983431458473206,0.18107174476239649,0.22090330719947815
202,0.057854947998471885,0.1382903754711151,0.17782584810408095,0.22020195424556732
203,0.05831163309757476,0.13902975618839264,0.17960370481958857,0.21676231920719147
204,0.05817227980688862,0.13845990598201752,0.17710815391336493,0.2178007811307907
205,0.05661310684745726,0.13595953583717346,0.1759261210255691,0.2158290147781372
206,0.05716092977672815,0.13669441640377045,0.17750287165189318,0.21597261726856232
207,0.05674187699332833,0.13621379435062408,0.18190004930443318,0.2205895185470581
208,0.056753596007500004,0.13688619434833527,0.1737666668373318,0.21497005224227905
209,0.05684415615447189,0.1368236094713211,0.18378245728990733,0.22454330325126648
210,0.05631064332049826,0.13503508269786835,0.1771947691208209,0.21493828296661377
211,0.05556138568436322,0.13532224297523499,0.17995927337610212,0.21830613911151886
212,0.056870815485877836,0.13633738458156586,0.17959036665087458,0.22088949382305145
213,0.05613704094582278,0.13635216653347015,0.1808894433895873,0.22340773046016693
214,0.0551755497151095,0.13411971926689148,0.17719868755945123,0.21814070641994476
215,0.05594729225191733,0.13689251244068146,0.1777381634372161,0.21818076074123383
216,0.05537057520173814,0.1343684196472168,0.1793124834444557,0.21936559677124023
217,0.05494998393418348,0.1343376785516739,0.17640007923692227,0.21331867575645447
218,0.05499626021913212,0.1339777708053589,0.17633745870102793,0.21789874136447906
219,0.05500387776966976,0.1350003182888031,0.17741655080140864,0.21449267864227295
220,0.05376305358241434,0.13462217152118683,0.18810820844018517,0.2249242216348648
221,0.05428354598014899,0.1326998770236969,0.18031951596756746,0.2234218269586563
222,0.054094744643763355,0.13251051306724548,0.17836909551061278,0.2197529673576355
223,0.05369060112001455,0.1334019899368286,0.1800463451234928,0.21861481666564941
224,0.05391731265041491,0.13199014961719513,0.18137662572027574,0.21871539950370789
225,0.053774540879480213,0.1329948753118515,0.1791689965502018,0.21877004206180573
226,0.053524266260311655,0.12839841842651367,0.1783479793608283,0.2151349037885666
227,0.05252027216002993,0.13045954704284668,0.18179678369059615,0.21701562404632568
228,0.05319919540425357,0.13210979104042053,0.17740727771551787,0.213661327958107
229,0.05207389852275019,0.13087542355060577,0.18366507430178616,0.2247038036584854
230,0.053182318401725395,0.13257797062397003,0.1840969118660112,0.22300009429454803
231,0.05215340447814568,0.13178950548171997,0.18329245590629933,0.2195613980293274
232,0.05217788368463516,0.12882936000823975,0.1762731379804256,0.21703465282917023
233,0.05087664820577787,0.1274900585412979,0.1789852197144753,0.21618598699569702
234,0.05233580604924456,0.13118143379688263,0.18180248481346953,0.2166443169116974
235,0.05137908515398917,0.1282682716846466,0.17822822309711656,0.21576517820358276
236,0.05108587168481039,0.13063950836658478,0.18727148856772863,0.2226051539182663
237,0.05222917631592439,0.12954914569854736,0.17953379856047652,0.21512547135353088
238,0.05007534860835775,0.12825645506381989,0.1783564915606035,0.21894630789756775
239,0.051238828723359366,0.12753528356552124,0.1783726621543171,0.2131073921918869
240,0.050067612131976566,0.12733450531959534,0.1788766780859317,0.2172604203224182
241,0.05039283254629244,0.128342866897583,0.17617507668569235,0.2118777483701706
242,0.049574534570717296,0.12589633464813232,0.17952352171843478,0.21594126522541046
243,0.04994001142356707,0.12756018340587616,0.17965287578523914,0.215831458568573
244,0.050790527106627174,0.12941192090511322,0.1827341008299693,0.21750402450561523
245,0.04935906843646713,0.12663425505161285,0.17969290196612217,0.21690748631954193
246,0.05011411082080525,0.1276954710483551,0.17899124380998113,0.21512769162654877
247,0.04918841335355588,0.12682141363620758,0.17739704281398688,0.21583561599254608
248,0.04911771576608653,0.12655651569366455,0.18433643664969884,0.2192259281873703
249,0.049982795795506754,0.12739692628383636,0.178400351416479,0.21356017887592316
250,0.04875735262327868,0.12808625400066376,0.18249276001744338,0.21439094841480255
251,0.04880818738804563,0.12619954347610474,0.1787348818358642,0.21661509573459625
252,0.04816858043246295,0.12764956057071686,0.18492260480833886,0.21750958263874054
253,0.04904152325395009,0.12791989743709564,0.18126049281205692,0.21304403245449066
254,0.04783473746932071,0.12446878105401993,0.17831764044313914,0.2125057876110077
255,0.04679639141439744,0.1242610439658165,0.18031221991862434,0.21411161124706268
256,0.04907519674009603,0.12718906998634338,0.18089504599004463,0.21284274756908417
257,0.04880016011631359,0.12700733542442322,0.18352437792744386,0.21786443889141083
258,0.04749001499832324,0.12453766167163849,0.18364507335396085,0.21534757316112518
259,0.0473858703373243,0.12307588011026382,0.18260335656570745,0.2150169461965561
260,0.04719212329339074,0.12343981862068176,0.18501123996147453,0.21345819532871246
261,0.04627441301051041,0.12362909317016602,0.18147813305612978,0.21439623832702637
262,0.04798276536166668,0.12464280426502228,0.18194084658498527,0.21545112133026123
263,0.046077952780963286,0.12206896394491196,0.18394002167245288,0.22359700500965118
264,0.04715237962891874,0.12392748147249222,0.18729555715471743,0.21721236407756805
265,0.04575241618263333,0.1222010925412178,0.18806464249849697,0.22391286492347717
266,0.04777493805665037,0.12447979301214218,0.18190098895134904,0.21755239367485046
267,0.04611163967005585,0.12256640195846558,0.18170491581201176,0.21590112149715424
268,0.04629608735685115,0.12225355207920074,0.1887737481888803,0.2245924174785614
269,0.045349343214184046,0.12292716652154922,0.1875338776600909,0.21693091094493866
270,0.046794544621978115,0.12348666042089462,0.19249714833054035,0.22286541759967804
271,0.04562963029045774,0.12188464403152466,0.18423228119330248,0.21524478495121002
272,0.045653440210077424,0.12242899090051651,0.18895290766011705,0.21721895039081573
273,0.0452156152130793,0.12089137732982635,0.1842473366559024,0.21750876307487488
274,0.04590411277730828,0.12235035747289658,0.18667579207291882,0.2147401124238968
275,0.04558362080918058,0.12166034430265427,0.18328717104771813,0.21500518918037415
276,0.04496018918555068,0.12107497453689575,0.18486515046488464,0.2153356522321701
277,0.045121389056515436,0.12242912501096725,0.18480128437138965,0.2131466567516327
278,0.0459423981424745,0.12205169349908829,0.1860742418777357,0.2134609967470169
279,0.04573471860393234,0.12089624255895615,0.1860108582418052,0.21264252066612244
280,0.04467048943447678,0.12012417614459991,0.18547112411463695,0.21397240459918976
281,0.04412966411884712,0.11999843269586563,0.18362221499630463,0.21335984766483307
282,0.044112828094512224,0.12081000208854675,0.1868262061887611,0.2150469720363617
283,0.0452536229327645,0.1219150722026825,0.18455884534800676,0.21567301452159882
284,0.04345420102143417,0.11834494769573212,0.1893256845250844,0.22494813799858093
285,0.04389581144989833,0.12081985920667648,0.1857724144417208,0.21616074442863464
286,0.044277829168688346,0.11907591670751572,0.1888815896635766,0.21606919169425964
287,0.043535403137945614,0.11930394917726517,0.1847247936882421,0.21356089413166046
288,0.04430414143058917,0.11974784731864929,0.19072159251018106,0.2203741818666458
289,0.04424939608282369,0.12161284685134888,0.18727086209315694,0.22077657282352448
290,0.04255877518216553,0.11959896981716156,0.18666046805880526,0.21562707424163818
291,0.043394669303265604,0.12161813676357269,0.18780435560929415,0.21759507060050964
292,0.043059710919371115,0.11859523504972458,0.18588798468350987,0.21339474618434906
293,0.0431019759574986,0.11955873668193817,0.18733871115368633,0.21376393735408783
294,0.04250493910892502,0.11791322380304337,0.18528661670284302,0.21579335629940033
295,0.04244634760138781,0.1179635301232338,0.1864965983124807,0.2151167392730713
296,0.04224404010354825,0.11835058778524399,0.1849612710781974,0.21255263686180115
297,0.04331912713773225,0.11993654817342758,0.18846387653456625,0.2189013808965683
298,0.042964514871330364,0.11962882429361343,0.19359444166797843,0.22135035693645477
299,0.04267004124172356,0.11835633218288422,0.18572312561579626,0.21736231446266174
300,0.04190861947996461,0.11817193031311035,0.18766595028848543,0.216049924492836
301,0.04179923627120645,0.11817754060029984,0.19138384616318294,0.21812006831169128
302,0.04252865685797904,0.11917172372341156,0.19414056277879632,0.22030378878116608
303,0.041470451017274805,0.11638148874044418,0.19329004898879873,0.22207772731781006
304,0.042016742487802454,0.11827665567398071,0.18617506031236256,0.2140539437532425
305,0.04237285274607332,0.11796487867832184,0.18711003887270786,0.21784745156764984
306,0.04020672253049586,0.11465318500995636,0.19084174569737514,0.21807685494422913
307,0.04259198997169733,0.119922935962677,0.18917148049017518,0.21899956464767456
308,0.04228232296831582,0.11708220094442368,0.18988744465843813,0.2184157371520996
309,0.04120561134313112,0.11823034286499023,0.19137644844510476,0.21780943870544434
310,0.041770287870388965,0.11749029904603958,0.19539738112319668,0.22487199306488037
311,0.04180165153482686,0.11703894287347794,0.18462562527973944,0.21000345051288605
312,0.04059828307641589,0.1148504763841629,0.1932922539119675,0.2203626185655594
313,0.04182009530537154,0.11631343513727188,0.18854938445113917,0.21155348420143127
314,0.04090644384774825,0.11524661630392075,0.18739566646173902,0.2157459706068039
315,0.04109464168710553,0.11680789291858673,0.18855614747657262,0.21827927231788635
316,0.040773243420635874,0.11546987295150757,0.18621808304650658,0.2155647575855255
317,0.040954482114023485,0.11573001742362976,0.1888663946354257,0.21308308839797974
318,0.04178137552883962,0.11677167564630508,0.187837967404095,0.21361540257930756
319,0.04069936775561908,0.11554379761219025,0.18610815042644596,0.21272887289524078
320,0.040329017656166914,0.11528182774782181,0.18861842821403843,0.2148800939321518
321,0.040124331519979496,0.11424235999584198,0.18993427371827623,0.21457313001155853
322,0.040873667002534086,0.11575433611869812,0.18715509422796464,0.21449744701385498
323,0.039780322431951114,0.11284375935792923,0.18629681006097568,0.21414975821971893
324,0.040338586813405804,0.11564312130212784,0.18916667242152188,0.21479575335979462
325,0.040178404938753534,0.11329849064350128,0.18968226157258694,0.21610911190509796
326,0.04042250530429832,0.11432883888483047,0.19124522488180506,0.21947231888771057
327,0.039818246241496956,0.11259160935878754,0.18879337285286651,0.2141057848930359
328,0.039587253340236515,0.1138044148683548,0.1858675927750282,0.2120039016008377
329,0.039429996486591255,0.11472783237695694,0.1910625521430123,0.21477098762989044
330,0.039752161889539464,0.11335160583257675,0.18982830119397484,0.21803443133831024
331,0.03947870305779835,0.11338435858488083,0.18476007623736718,0.20938542485237122
332,0.038472293997588364,0.11074095219373703,0.18999892199285057,0.21435244381427765
333,0.04029357216685363,0.11386550962924957,0.19117224772007643,0.218710795044899
334,0.038742344522767744,0.11354014277458191,0.18669721768746853,0.21492819488048553
335,0.040633450829140515,0.11580358445644379,0.1878929666395516,0.214442640542984
336,0.038309917147473796,0.11274544894695282,0.1873953033079247,0.21358805894851685
337,0.038664398573177015,0.11319473385810852,0.1956136812900212,0.21942166984081268
338,0.03931502534238541,0.11319705843925476,0.18890994291888363,0.21465563774108887
339,0.03791487425484735,0.11216364055871964,0.1917133306030615,0.21551114320755005
340,0.03843463305383921,0.11052305996417999,0.19176540949725784,0.22098267078399658
341,0.03897060591565526,0.1134272888302803,0.19351796947549527,0.2165938913822174
342,0.03899621394584361,0.11289601027965546,0.1880763871167239,0.213489830493927
343,0.03802285703789929,0.11150847375392914,0.18979224791711938,0.2133350372314453
344,0.038399853348812976,0.11273995786905289,0.1859346696673029,0.21397259831428528
345,0.03912367892411092,0.11210042238235474,0.1924409492268993,0.21715795993804932
346,0.037793289424608585,0.11081130802631378,0.1924243679420695,0.21573998034000397
347,0.03833950873788284,0.113067626953125,0.1895811465080302,0.21134063601493835
348,0.037610695920074766,0.11191113293170929,0.18929651562602698,0.22281521558761597
349,0.037422316290600145,0.1111646518111229,0.19057416819366618,0.21208621561527252
350,0.03806419222129752,0.11118590086698532,0.18819357494332145,0.21373668313026428
351,0.037263692194676915,0.10938120633363724,0.18810745823402222,0.21225623786449432
352,0.03787280451101453,0.11117301136255264,0.1927887847419775,0.21656116843223572
353,0.038162921028940575,0.11294255405664444,0.1928391398038426,0.21332909166812897
354,0.036801831108396466,0.11009060591459274,0.19593599295205247,0.2298298329114914
355,0.038151818530067154,0.11311613023281097,0.18820055362823082,0.21096129715442657
356,0.03681912045399456,0.11000245809555054,0.19053811156050718,0.2107422798871994
357,0.037838712820540306,0.11069771647453308,0.1860579959398782,0.20769022405147552
358,0.037330966969223126,0.11041383445262909,0.19362621351769532,0.22128339111804962
359,0.037902408461693834,0.1120738685131073,0.19127921216933738,0.21169216930866241
360,0.03716907229112542,0.10886583477258682,0.19263557419062793,0.2147151082754135
361,0.036353259246148496,0.10903973132371902,0.19100736887467268,0.2144446223974228
362,0.037237875710201006,0.11069221049547195,0.1916285863532884,0.21324566006660461
363,0.03706279359555439,0.11053970456123352,0.19167206964194303,0.2159305363893509
364,0.03642287176183384,0.10920275002717972,0.18882861037379967,0.20863842964172363
365,0.037402960795747196,0.10996527224779129,0.19014219857055675,0.21087431907653809
366,0.03599695053518466,0.1083354502916336,0.19052134711655497,0.21047081053256989
367,0.03710590319141098,0.11161856353282928,0.19979050509903207,0.22234047949314117
368,0.036622214576472405,0.1103469580411911,0.19152871291440943,0.21372553706169128
369,0.036619701301274094,0.10853398591279984,0.19131529864909722,0.21247875690460205
370,0.03591110511763912,0.10983090847730637,0.19597922919669356,0.22204558551311493
371,0.0359781278985674,0.10601568222045898,0.19217155776953357,0.21446359157562256
372,0.03645934148327164,0.10988134145736694,0.18974956042958327,0.20982608199119568
373,0.03509253854660884,0.10681498795747757,0.1932925748182741,0.21559418737888336
374,0.03660657190029388,0.10921046882867813,0.18949220571578398,0.2160106748342514
375,0.036555057958416314,0.10948928445577621,0.19139131501010026,0.20983323454856873
376,0.035827093524858356,0.10863357782363892,0.1919351801772125,0.21503065526485443
377,0.03551018328162963,0.10822873562574387,0.19375387792919782,0.2220575362443924
378,0.036129443511447826,0.10805977135896683,0.19122544056167692,0.21369363367557526
379,0.035216788984025305,0.1077263280749321,0.19435148847934372,0.22210386395454407
380,0.03592325793579221,0.10780167579650879,0.1869603379167581,0.20628853142261505
381,0.035686816352055124,0.10854818671941757,0.18562278832809295,0.20545606315135956
382,0.03534528428850615,0.10803969204425812,0.19389858268047852,0.21275699138641357
383,0.036024746626777494,0.10905617475509644,0.18651844596522735,0.20966267585754395
384,0.03616139507326095,0.10803293436765671,0.18578529428755614,0.2078600376844406
385,0.03465683719791148,0.10764410346746445,0.1917477677651517,0.20911195874214172
386,0.03427387574566123,0.10766668617725372,0.1898179613348988,0.2080061435699463
387,0.03556698398745578,0.10635606944561005,0.18944236423035055,0.20964962244033813
388,0.034669497495760086,0.1053415909409523,0.19012409221918194,0.21192346513271332
389,0.03589248173343747,0.10760074108839035,0.19102421726458801,0.2170778512954712
390,0.036060149639682924,0.10849714279174805,0.19600462663192567,0.21831996738910675
391,0.03408824885264039,0.10518224537372589,0.18886509721895028,0.20839156210422516
392,0.03536024818237385,0.10636117309331894,0.18653517340423567,0.20833465456962585
393,0.035021810822755746,0.10599188506603241,0.19025906056118466,0.21229517459869385
394,0.035536752791022475,0.10797209292650223,0.18629367954190673,0.2054811716079712
395,0.033442207146435976,0.10562094300985336,0.1937509454467973,0.2113717794418335
396,0.0346896565195335,0.1066095232963562,0.18619878797920306,0.20582960546016693
397,0.035321645519655685,0.10830410569906235,0.18897168562642747,0.2080637663602829
398,0.033509493906698794,0.10422961413860321,0.19204712428872822,0.21130211651325226
399,0.03492726753060908,0.10664327442646027,0.18779533773235588,0.2094118893146515
400,0.03479019430992396,0.10651130229234695,0.19012680743037239,0.21068385243415833
401,0.03385220668481096,0.1050465852022171,0.19248628996536962,0.21011444926261902
402,0.03459757099778432,0.1066037192940712,0.19186478503721452,0.21134743094444275
403,0.0340657259904496,0.10409466922283173,0.19567169913824312,0.21343450248241425
404,0.03386720810490458,0.10439596325159073,0.19417207658574245,0.22301310300827026
405,0.0337613507821832,0.1056128665804863,0.18863280804712684,0.2121768742799759
406,0.034765848950685366,0.10695775598287582,0.1868760903644864,0.20369738340377808
407,0.03497195411878436,0.10675950348377228,0.1904675156326755,0.2093849778175354
408,0.033889262532086475,0.10525403171777725,0.1936528188679751,0.21399997174739838
409,0.033594225087891456,0.10522151738405228,0.18699363497471091,0.20541827380657196
410,0.03333900283779139,0.10581646859645844,0.18862448297381967,0.20597611367702484
411,0.034434180767477854,0.10757843405008316,0.18900094335978457,0.20592989027500153
412,0.03228780002657162,0.10204516351222992,0.19334379608393093,0.2150726616382599
413,0.033287573200852974,0.10556625574827194,0.1909371292581649,0.20807477831840515
414,0.034773581985222256,0.10638420283794403,0.18671100871215343,0.20451711118221283
415,0.033132452851809234,0.10384275764226913,0.18859512161717362,0.208321675658226
416,0.03419257181129702,0.10508041828870773,0.188359271398437,0.20902855694293976
417,0.03246291334052449,0.10455846786499023,0.18835448335543298,0.20665043592453003
418,0.0332009087762107,0.10536806285381317,0.18991888725389203,0.2080555260181427
419,0.03396112905086383,0.10631521046161652,0.19312612465604928,0.20763546228408813
420,0.032499824326647365,0.10283508151769638,0.18895478893762158,0.2064978927373886
421,0.033062784993292196,0.10499285906553268,0.18832909366597086,0.2076186090707779
422,0.03350448817946017,0.10556203126907349,0.19007746025140615,0.20758593082427979
423,0.032106502346046596,0.10131992399692535,0.18903529198276448,0.2073696255683899
424,0.03203634945068346,0.10143101960420609,0.19240252494150786,0.21027608215808868
425,0.0334191290438985,0.10401767492294312,0.19034161429303195,0.206465944647789
426,0.03335081163348387,0.10380230098962784,0.19159387379424225,0.21048331260681152
427,0.033545680607304625,0.10560130327939987,0.188296348151711,0.2077343612909317
428,0.03114403833878105,0.10151563584804535,0.18869969092911662,0.2041185349225998
429,0.03302846169706596,0.10284755378961563,0.18772021051726515,0.20340998470783234
430,0.03234734729377796,0.10232745110988617,0.19115847795493252,0.20843447744846344
431,0.0328098040215833,0.1048184409737587,0.19381938692884854,0.20929311215877533
432,0.03233558160212377,0.10115201771259308,0.1897517098630476,0.20607030391693115
433,0.03191874678368154,0.10391087085008621,0.1981914918810696,0.2239067703485489
434,0.032765435743267124,0.10257559269666672,0.19092814943114098,0.2048390805721283
435,0.03202830656917523,0.10160879790782928,0.19681684252482776,0.21008849143981934
436,0.032630225360069584,0.10188297927379608,0.18812359843503465,0.20440088212490082
437,0.0324148573183819,0.10253805667161942,0.19035892431785112,0.20581257343292236
438,0.03160276120204641,0.10206327587366104,0.19120198858993367,0.20398233830928802
439,0.03234951032082672,0.10176049172878265,0.19957183231784123,0.2196969836950302
440,0.031667366694739976,0.10018003731966019,0.19138406918468265,0.2142307609319687
441,0.032425520688538316,0.10254181921482086,0.19135910182860688,0.21191807091236115
442,0.03230956734320068,0.10180012881755829,0.19290336147068798,0.21029947698116302
443,0.031917324249187244,0.10174334794282913,0.18963524636630966,0.20841000974178314
444,0.03198213934007546,0.10285353660583496,0.1898340272072189,0.20459173619747162
445,0.030790653160732727,0.09926356375217438,0.18900865650545398,0.2023843228816986
446,0.03339992858388502,0.10259506106376648,0.19498994800065853,0.2124445140361786
447,0.03140548915278329,0.1005668193101883,0.19524130560516745,0.20789827406406403
448,0.03135999156486081,0.10066988319158554,0.1904354322636751,0.20645184814929962
449,0.031140995930637353,0.10052958875894547,0.19880944617954563,0.21825388073921204
450,0.032803533841734345,0.10153895616531372,0.19534672389364846,0.20871791243553162
451,0.030685566325226555,0.09950234740972519,0.19800074896797326,0.21496666967868805
452,0.03070814519837175,0.09880206733942032,0.19289974328691342,0.20640218257904053
453,0.0304267020875831,0.09921354800462723,0.1939507758749646,0.2064226120710373
454,0.0314095144605507,0.0995764285326004,0.19264148912509158,0.20480912923812866
455,0.031919349572094885,0.10042066872119904,0.20082990736619416,0.2103102207183838
456,0.031220459541224915,0.10036151111125946,0.1954116542394112,0.21150758862495422
457,0.031273207930928984,0.0989840030670166,0.19133996245600343,0.20340676605701447
458,0.030686800793299208,0.09828975796699524,0.19423610028676488,0.20440658926963806
459,0.03101269937241855,0.09970172494649887,0.19469844379865237,0.21235071122646332
460,0.03192367231594804,0.09975361824035645,0.19161282215273323,0.20558904111385345
461,0.030868737431971924,0.09968829154968262,0.1933931589374546,0.20440009236335754
462,0.029802262125050893,0.09868907928466797,0.19378887133439635,0.20302020013332367
463,0.03162948103905048,0.09882020950317383,0.19222009257544806,0.20313498377799988
464,0.03040726029354593,0.09738707542419434,0.19075231388411978,0.20885664224624634
465,0.029749743650545894,0.09677567332983017,0.19098789883680087,0.20095419883728027
466,0.0308334956795949,0.09913129359483719,0.19283147420728264,0.2042532116174698
467,0.03211024153532217,0.10005813091993332,0.19002733948727607,0.2012053281068802
468,0.030051753866364776,0.09725723415613174,0.19098803157757277,0.20017530024051666
469,0.029900141121090754,0.09690529108047485,0.19588983299803997,0.20420508086681366
470,0.03100596074743763,0.09862173348665237,0.1916663851323294,0.2064836472272873
471,0.03118997686745032,0.09982003271579742,0.1870525908640183,0.2006744146347046
472,0.029667042955027326,0.09797533601522446,0.19247668712339386,0.20342916250228882
473,0.029787014096813356,0.09748927503824234,0.1984659260265801,0.20684362947940826
474,0.031038382262720363,0.09852129220962524,0.19450344369641953,0.20522119104862213
475,0.03020170442355068,0.09697408974170685,0.1956361572829366,0.21843266487121582
476,0.02972688726351961,0.09709372371435165,0.1960728503055221,0.2073650062084198
477,0.029587366172800892,0.0978371649980545,0.19371650338456295,0.20233744382858276
478,0.030124950445378603,0.09785140305757523,0.19248025409771033,0.20486152172088623
479,0.031322549228839904,0.09949636459350586,0.19424812306787245,0.20463885366916656
480,0.03017559095852725,0.09825404733419418,0.1929300714833234,0.2040073722600937
481,0.029602985586161198,0.09862526506185532,0.20268525230431142,0.2096969485282898
482,0.030693426768740883,0.0987432524561882,0.19528582054537186,0.20960508286952972
483,0.029577584896722565,0.09563801437616348,0.19462212188119177,0.20583878457546234
484,0.02941721053186642,0.09558349847793579,0.19208717744697104,0.20518220961093903
485,0.02891178847209591,0.09623000025749207,0.19935939211852954,0.20733074843883514
486,0.03034329463970726,0.09744656831026077,0.19523236738804214,0.21009978652000427
487,0.03046260576735696,0.09733875095844269,0.19851849153755963,0.22000837326049805
488,0.029384536658535184,0.09595885127782822,0.2091049928389336,0.22571340203285217
489,0.03073627340769314,0.09890542924404144,0.19618614735864043,0.21040073037147522
490,0.029342547686689573,0.09746874123811722,0.19862692043917304,0.20677484571933746
491,0.030376489426049848,0.09832221269607544,0.19825439380921672,0.2065250277519226
492,0.029903208411744108,0.097186379134655,0.19379625810685136,0.20398220419883728
493,0.029747332699353927,0.09559150040149689,0.1947369005607822,0.20333263278007507
494,0.029631454679791048,0.09661287069320679,0.19745990352944223,0.20768406987190247
495,0.028984897081618725,0.09715098887681961,0.19782389667351538,0.21442390978336334
496,0.029717503125657855,0.09675230085849762,0.19311009838633983,0.2060299664735794
497,0.030099949333816767,0.09788786619901657,0.19743725836938233,0.20424669981002808
498,0.029197304074288062,0.09630627930164337,0.19853637607180752,0.20508219301700592
499,0.029436643498585276,0.09540662914514542,0.19613105538057637,0.2024148553609848
500,0.0293381677677288,0.09579984843730927,0.20339309611902373,0.20621109008789062
501,0.029823707578622776,0.09613282978534698,0.19493771754146189,0.20593750476837158
502,0.02893825165886918,0.0953955128788948,0.19339001884834514,0.20152027904987335
503,0.03035583776300368,0.09672993421554565,0.19940349983904518,0.20706875622272491
504,0.028802118638692344,0.0952024981379509,0.2007485179085928,0.20982760190963745
505,0.029283579611017005,0.09498980641365051,0.19512553892663656,0.20025640726089478
506,0.0285419471177232,0.094566211104393,0.2002580435548078,0.20644907653331757
507,0.02936918320863143,0.096062071621418,0.19893661028042836,0.20671306550502777
508,0.02975882928939941,0.0965038612484932,0.1994473489736415,0.20567256212234497
509,0.028426319431594533,0.09436456859111786,0.20130077643222552,0.21079570055007935
510,0.02904757482769049,0.09425711631774902,0.2010214062150798,0.21265700459480286
511,0.029408950399121513,0.09673553705215454,0.2013525303730685,0.20930130779743195
512,0.028305937029907236,0.09465088695287704,0.19956674827661264,0.20355316996574402
513,0.028435851902822436,0.09450799226760864,0.2031987440401892,0.20735378563404083
514,0.028749039659843496,0.09523680061101913,0.20198874040942186,0.20974774658679962
515,0.028393331793663296,0.09393593668937683,0.20412409825991432,0.21265587210655212
516,0.028439610589133656,0.09299793094396591,0.2009836190192711,0.20578910410404205
517,0.029484979919684323,0.09530527889728546,0.20242602027444945,0.20368079841136932
518,0.027870460372904072,0.09385646134614944,0.20360715274009766,0.22473563253879547
519,0.02774550367916084,0.09356201440095901,0.2018995734312455,0.2064376026391983
520,0.028745777621541336,0.09465012699365616,0.20225858508879332,0.21589063107967377
521,0.0304289729050968,0.0950876846909523,0.19674211570464678,0.20322825014591217
522,0.027095430763438344,0.09194107353687286,0.21657788517357998,0.23026619851589203
523,0.028509318919690406,0.0936475545167923,0.20016081775236055,0.204096719622612
524,0.02783735544906686,0.0929064005613327,0.20726866068439515,0.21429909765720367
525,0.027701470029094944,0.09262069314718246,0.20137391395264684,0.20535658299922943
526,0.02772039495934935,0.09313644468784332,0.20362913089017673,0.2092117816209793
527,0.029020263033959527,0.09635432809591293,0.20400087197684638,0.21021102368831635
528,0.028110518484659817,0.09322252124547958,0.20163313428710455,0.20627309381961823
529,0.028299011998688398,0.0951143130660057,0.20467812458138837,0.21152301132678986
530,0.028292298357447853,0.0930752158164978,0.2028416768070635,0.203755185008049
531,0.028365784375320956,0.09379415959119797,0.2014558918880396,0.20301100611686707
532,0.027817381728116587,0.09172207117080688,0.2037508498711981,0.20379798114299774
533,0.028005183451687513,0.09361696243286133,0.20688586279442872,0.22245074808597565
534,0.02927119198822133,0.09576728194952011,0.2095248198369887,0.2061576247215271
535,0.028042576822411756,0.09337377548217773,0.2072180184622763,0.208187073469162
536,0.028326232107761112,0.09184116125106812,0.2074887932421383,0.20669296383857727
537,0.028103237495879115,0.09504389017820358,0.20385639064852296,0.20565621554851532
538,0.027884128594609058,0.09354201704263687,0.20106788644369356,0.20399793982505798
539,0.02860949489126063,0.09267400950193405,0.2058746690098816,0.20950177311897278
540,0.02883895927959162,0.09585467725992203,0.20629746971058582,0.21032986044883728
541,0.027071043221360964,0.09091711044311523,0.20873349470495234,0.22007223963737488
542,0.028022341642771727,0.09235309809446335,0.20434909749616723,0.20333291590213776
543,0.028738480263754078,0.09366607666015625,0.20181506347920738,0.20122726261615753
544,0.027652099677968934,0.09284786880016327,0.20472700235016184,0.21239736676216125
545,0.027489010983592143,0.09274441003799438,0.20096855207675515,0.20260685682296753
546,0.027676363951405106,0.09114836901426315,0.21003660304610589,0.21573151648044586
547,0.027209549717119207,0.0924912840127945,0.20158665230506573,0.20121322572231293
548,0.027534342057112117,0.09175951778888702,0.21176633453690308,0.21469256281852722
549,0.027251120342913528,0.09234653413295746,0.20443009739821383,0.20737428963184357
550,0.026998825189050123,0.09164756536483765,0.20079571358186507,0.20295564830303192
551,0.02736476224685169,0.09046448767185211,0.2058849354553525,0.20297816395759583
552,0.027896896966368608,0.09189026057720184,0.20852622702694165,0.20893707871437073
553,0.027423888465146654,0.09177084267139435,0.20240451635205425,0.20412249863147736
554,0.027644978593225063,0.09343663603067398,0.20492052994137142,0.20361188054084778
555,0.02676508743720858,0.09264650195837021,0.20840564951088084,0.20976299047470093
556,0.02741818298059313,0.09032569825649261,0.20599973374142322,0.20250365138053894
557,0.028521481506607455,0.09326352924108505,0.20495672457852945,0.20295840501785278
558,0.02718931377824882,0.09119357168674469,0.2086959987784339,0.21863465011119843
559,0.02741184868120953,0.09108943492174149,0.20596273581123956,0.20362764596939087
560,0.026895788974007188,0.09231525659561157,0.2143823654020409,0.20928582549095154
561,0.027870273946420006,0.09192352741956711,0.20373585131816366,0.2026132494211197
562,0.026794636682809694,0.09050970524549484,0.20036441457299914,0.199027419090271
563,0.027369840354051277,0.09206316620111465,0.20384287508278376,0.2020670473575592
564,0.026189856383058686,0.09103844314813614,0.2085747920012134,0.20780427753925323
565,0.027797341913632725,0.09131283313035965,0.20612879846062032,0.20842714607715607
566,0.026512681218066617,0.09167627990245819,0.20699676956314292,0.2108844667673111
567,0.027830698527395725,0.09377558529376984,0.20762479050223687,0.20425501465797424
568,0.026901308933030003,0.09115464985370636,0.20542578217344692,0.20147374272346497
569,0.027511646930614243,0.09095919877290726,0.2064619859217086,0.20495779812335968
570,0.027274940426096968,0.09240059554576874,0.21051359487765375,0.21006448566913605
571,0.026403357568399413,0.0897170752286911,0.20636146693902235,0.20548704266548157
572,0.026978233839263736,0.09177999943494797,0.20692482476732244,0.20376047492027283
573,0.02668187572904255,0.09207691252231598,0.2047295037084355,0.2024184763431549
574,0.02563905918403812,0.08975839614868164,0.20679101909963907,0.20631614327430725
575,0.027293557984470997,0.09196623414754868,0.2029550924731888,0.19994774460792542
576,0.02755930914503077,0.09217890352010727,0.21087154977484096,0.2108587920665741
577,0.027758721145801246,0.09101896733045578,0.20777000280218155,0.2076144516468048
578,0.026190424226629344,0.08935621380805969,0.20864260097502152,0.20663681626319885
579,0.026217984734103084,0.08978719264268875,0.20864650550432703,0.20544902980327606
580,0.027272223332977814,0.09158773720264435,0.21195283891092956,0.2128133624792099
581,0.02551409530291415,0.08873863518238068,0.2077011811752138,0.20423303544521332
582,0.026669342819925234,0.09209257364273071,0.2094324559988764,0.2090812474489212
583,0.027710393698805052,0.09061461687088013,0.20763362269913527,0.2053961157798767
584,0.027395183564690145,0.09148942679166794,0.2036704454340761,0.19818015396595
585,0.027773986985583022,0.09173402935266495,0.20444303458163932,0.20072703063488007
586,0.0262588977145598,0.0894903615117073,0.2092032140672868,0.2041817307472229
587,0.026725138871647094,0.09100338816642761,0.21056940966240012,0.21619965136051178
588,0.026615173798864303,0.08988919109106064,0.21348441714530134,0.21523496508598328
589,0.026726804025795147,0.09032745659351349,0.20457493271767244,0.20543916523456573
590,0.025774133270201477,0.08906733244657516,0.2073435797083019,0.20456667244434357
591,0.02776389546773356,0.09118317812681198,0.2059639947350165,0.20223520696163177
592,0.02585720256699816,0.08952327072620392,0.21212641207616417,0.20496860146522522
593,0.027155698494702254,0.09004677087068558,0.20620187252712704,0.2035931795835495
594,0.024733503288386957,0.08794866502285004,0.20564189829558085,0.20629945397377014
595,0.026578245654135295,0.09083352237939835,0.20624125783114727,0.20423822104930878
596,0.026441850871576564,0.08915338665246964,0.21026006591301147,0.2086780071258545
597,0.02568924443229385,0.08854568749666214,0.20588617241703766,0.20311583578586578
598,0.02767998680634343,0.09209123998880386,0.2053482177329328,0.2050866186618805
599,0.025754160814635132,0.08960169553756714,0.20308424749672885,0.20053628087043762
600,0.025841140542584268,0.08966241776943207,0.20996129452568227,0.2060065120458603
601,0.02647381685876652,0.0901244655251503,0.20566578070070776,0.20542961359024048
602,0.027093945961931477,0.09146544337272644,0.20939533446698483,0.2074216902256012
603,0.02608060495644484,0.09023496508598328,0.2049621028114234,0.20651885867118835
604,0.02573663467014937,0.0886351466178894,0.20738534041622833,0.20239593088626862
605,0.026268777164185176,0.08994033932685852,0.2026669710000797,0.20348216593265533
606,0.026843327775840527,0.09023375064134598,0.20540042960700444,0.20596374571323395
607,0.026278597444457853,0.08856440335512161,0.2037831460806156,0.19980981945991516
608,0.025358264881145696,0.08801375329494476,0.21189184814526238,0.20745500922203064
609,0.02605847726859476,0.0896296575665474,0.20438500895812847,0.20601299405097961
610,0.025131670191236164,0.09043478965759277,0.2085671302539233,0.20421846210956573
611,0.025746155241706772,0.08865160495042801,0.2040828816155813,0.19871020317077637
612,0.026961197803282867,0.08822661638259888,0.20571102959985021,0.2019868791103363
613,0.024524908421723092,0.08761859685182571,0.20875466776725418,0.20556125044822693
614,0.02730038213422117,0.08988867700099945,0.20503846623251443,0.20346088707447052
615,0.02505193759039368,0.08621122688055038,0.20747786272086924,0.2073342204093933
616,0.025327374439929492,0.08771305531263351,0.20923638069875267,0.20065481960773468
617,0.025654586032032967,0.08878898620605469,0.20499609824027953,0.2001471370458603
618,0.024776330217719078,0.08862767368555069,0.2096475835553062,0.2146405428647995
619,0.02564754356306208,0.08973824232816696,0.2057447302643735,0.20474137365818024
620,0.02629927436456732,0.09058414399623871,0.2046913750906565,0.20461687445640564
621,0.02560495856501486,0.08775150030851364,0.2092752020670287,0.2020639181137085
622,0.02634181250291674,0.08980187028646469,0.2074739952850644,0.2036912441253662
623,0.025249526177978387,0.0872388407588005,0.21008348894761594,0.2122166007757187
624,0.025528512328215267,0.08780544996261597,0.2102222473444727,0.21202735602855682
625,0.025289369321873655,0.08833032846450806,0.20545343210457245,0.1999455988407135
626,0.025504725722029158,0.08885717391967773,0.2120654724904361,0.21152110397815704
627,0.024174625519663095,0.08608925342559814,0.21586792307969319,0.21835175156593323
628,0.026137313188013177,0.09029455482959747,0.20983564693085177,0.2032478004693985
629,0.025664256399740345,0.08901208639144897,0.2104929481203507,0.20422106981277466
630,0.02446546574609111,0.08601617068052292,0.2057417747808145,0.2005305141210556
631,0.024997481124718553,0.08728763461112976,0.20901089821677957,0.20949994027614594
632,0.02547378350130242,0.08930396288633347,0.20929756042696596,0.20257394015789032
633,0.025607862084618082,0.08941976726055145,0.20455079935432047,0.20368176698684692
634,0.025248315924292674,0.08788659423589706,0.2137036955429805,0.21531040966510773
635,0.02455208752223331,0.08827506750822067,0.21427918689564554,0.2069932073354721
636,0.025451038174493158,0.08743131905794144,0.2146030307855168,0.2153264731168747
637,0.024878578351648604,0.08989287167787552,0.2062129980505174,0.1994866579771042
638,0.02576876879143326,0.08821935951709747,0.20730916733031415,0.2026492953300476
639,0.025373559161696747,0.08597412705421448,0.2128037303544451,0.20751747488975525
640,0.025740736943629126,0.0900062695145607,0.21866347352057552,0.21341904997825623
641,0.023936064853130476,0.086107037961483,0.21177918597371,0.2021956890821457
642,0.02455419272629787,0.08458270877599716,0.21365902398118125,0.20907452702522278
643,0.025304999789627997,0.0885581523180008,0.2159914281780104,0.2073623538017273
644,0.025008847724403375,0.08567145466804504,0.20772735337636739,0.20413048565387726
645,0.024581387922491715,0.08784352242946625,0.2097820953691818,0.20477676391601562
646,0.025349808877091044,0.08905116468667984,0.20900115902091357,0.20582181215286255
647,0.025053759186488132,0.0874737948179245,0.21352167337802247,0.21425433456897736
648,0.025601160793524723,0.08714213222265244,0.21329778503691527,0.21259541809558868
649,0.025347592683670962,0.08711786568164825,0.2094925145741121,0.20621056854724884
650,0.024569193063222843,0.08716161549091339,0.21346533048171815,0.20500509440898895
651,0.025323102660679622,0.08770573884248734,0.20867216634296956,0.19988040626049042
652,0.024283324925066983,0.08770875632762909,0.21045489068454495,0.20750729739665985
653,0.024341080155547545,0.0855427011847496,0.2111834139458351,0.2112915962934494
654,0.024701228426040514,0.08832673728466034,0.2127799619160439,0.20621803402900696
655,0.024938721442595124,0.08526896685361862,0.2109761409130886,0.20585593581199646
656,0.023915357118391472,0.08576885610818863,0.21364422116528978,0.21235233545303345
657,0.025626880035776158,0.08899597823619843,0.2123020053051542,0.20558959245681763
658,0.02370329567676653,0.0857706144452095,0.2165512431253533,0.2225877195596695
659,0.02487839269451797,0.08623137325048447,0.20974279231673754,0.20563428103923798
660,0.02510135868847694,0.08781222999095917,0.21812029383639714,0.2072245180606842
661,0.02532318749708002,0.08639905601739883,0.21111520468338546,0.20200912654399872
662,0.024538873542991023,0.08686168491840363,0.21525778699660358,0.20403704047203064
663,0.025294616362889825,0.085173599421978,0.21249897253187447,0.202169731259346
664,0.023890418213103778,0.08579476177692413,0.21819618811886965,0.20868654549121857
665,0.024507260881364346,0.08652368187904358,0.21097082873177603,0.2058618664741516
666,0.025390799521752026,0.08766152709722519,0.21771908772256218,0.2095836102962494
667,0.0241421634108638,0.084813691675663,0.2094749208014287,0.20696862041950226
668,0.02418516227044165,0.08487804234027863,0.21510828604033178,0.20491494238376617
669,0.02498022248239621,0.08711152523756027,0.21244149772884258,0.20534253120422363
670,0.02403218424676553,0.08601202070713043,0.21417641727085537,0.20858319103717804
671,0.024639646917500573,0.08633754402399063,0.20879588899587867,0.2007143497467041
672,0.024875226749471673,0.0851413756608963,0.20911158661456947,0.20108644664287567
673,0.0235283217271385,0.08485162258148193,0.20932206169077788,0.20208460092544556
674,0.025266795358418123,0.08635339140892029,0.21572008145686752,0.21181975305080414
675,0.02495837040528979,0.08660408854484558,0.2134227606153526,0.20585997402668
676,0.02449415712212415,0.08628569543361664,0.21867477286919929,0.2112458497285843
677,0.024958242237081995,0.0877782329916954,0.21362475892632207,0.21276351809501648
678,0.025225796999976687,0.08823879808187485,0.2111848633848544,0.20586633682250977
679,0.024673014889349757,0.08695088326931,0.21643766808056417,0.20578336715698242
680,0.024156512328140114,0.08647537231445312,0.21314674785889082,0.20560669898986816
681,0.024043462968066982,0.08570415526628494,0.20957408758048587,0.21071992814540863
682,0.024878226838115115,0.08607599884271622,0.20802275516482427,0.2024504393339157
683,0.02447489517963613,0.08622635155916214,0.21609570456760244,0.2045888751745224
684,0.024912906091903216,0.08655844628810883,0.21930068502536193,0.2089187204837799
685,0.02410083031281829,0.0837644413113594,0.2142930340653554,0.20769146084785461
686,0.023480055863847552,0.08456559479236603,0.21802710944848658,0.21675750613212585
687,0.025634941250166816,0.0893804058432579,0.2122812144540947,0.20161357522010803
688,0.024141323803316638,0.08444371819496155,0.20796337267959553,0.203876793384552
689,0.024625074695390853,0.08484289795160294,0.2115804238005788,0.2060215026140213
690,0.02438371747975116,0.08566901832818985,0.2112801458019462,0.2011880725622177
691,0.023651411574657843,0.08469153940677643,0.22142640552033335,0.2179180383682251
692,0.02404198648772486,0.08492352813482285,0.21418170212943655,0.20916934311389923
693,0.023380005651194115,0.08374826610088348,0.21324884520752116,0.2051476240158081
694,0.023987553375975593,0.08531993627548218,0.21106166717863498,0.20434488356113434
695,0.023844886824245685,0.08412516862154007,0.2081240056622803,0.20395146310329437
696,0.023994906947178686,0.08369644731283188,0.2162475102771481,0.20680749416351318
697,0.025181401105921552,0.08728719502687454,0.2090065171691204,0.20116987824440002
698,0.023219170069079035,0.08276975154876709,0.20788132355632571,0.20304778218269348
699,0.02363966252533314,0.08498053252696991,0.21360814311613938,0.20833328366279602
700,0.0231736922616382,0.08520825207233429,0.21228134966265003,0.20395876467227936
701,0.024323895816569744,0.08566123992204666,0.21235807592465458,0.20124781131744385
702,0.023996208095923066,0.08481385558843613,0.21393815032464766,0.20769940316677094
703,0.025039864531920655,0.08505718410015106,0.211492415505761,0.20441433787345886
704,0.023919452457567273,0.08422241359949112,0.2159824810579726,0.20847198367118835
705,0.024132705642841756,0.08502566814422607,0.2124453894971101,0.20310993492603302
706,0.025119348788512467,0.08645103871822357,0.21168846707856032,0.20277385413646698
707,0.02327399515627843,0.08410666882991791,0.21144445325512137,0.19948822259902954
708,0.025041816442314048,0.08712717890739441,0.2194629867934576,0.2151639610528946
709,0.02486228203886877,0.08622793853282928,0.21177180442020369,0.2111039161682129
710,0.023365371668225398,0.08464868366718292,0.21748191099348235,0.2120600789785385
711,0.024066758782440877,0.08575418591499329,0.21671187253624627,0.20193666219711304
712,0.023194703364582812,0.08430252224206924,0.21647432715692536,0.2028558999300003
713,0.02432391856311132,0.08462183177471161,0.21207967225798713,0.20112887024879456
714,0.023471918625190206,0.08414846658706665,0.2145235248960897,0.20550532639026642
715,0.0229316384875742,0.08272431045770645,0.21388884032773897,0.2085123509168625
716,0.024007808842250834,0.08455274254083633,0.21604887453954308,0.21117030084133148
717,0.023969779843869415,0.08331868797540665,0.2175231853680074,0.2138577550649643
718,0.023144189693519602,0.08433821052312851,0.2132617184883441,0.2089838683605194
719,0.024664881082413638,0.08777043968439102,0.21527026005667854,0.20447002351284027
720,0.024072016619712762,0.08408737182617188,0.21789002286273212,0.20798365771770477
721,0.024744975577999394,0.08451418578624725,0.22009140471507177,0.20967568457126617
722,0.023583626323986962,0.08410841971635818,0.21854357329299068,0.20139853656291962
723,0.024517177406738956,0.08433064818382263,0.21406241836950254,0.20308302342891693
724,0.023377527705515207,0.08316385746002197,0.2215008810870999,0.20734815299510956
725,0.023832596069120842,0.08341597020626068,0.21602314011608553,0.20537370443344116
726,0.0231402349739295,0.08476407080888748,0.22105685596704105,0.21179591119289398
727,0.02399905585764867,0.08387017995119095,0.21599384665300275,0.20233875513076782
728,0.022931977316899145,0.08383475989103317,0.2162390112073977,0.2032242864370346
729,0.023689634450103924,0.08367808163166046,0.22317733446788485,0.21603067219257355
730,0.02424075927220933,0.08491683006286621,0.21400687254363118,0.20957328379154205
731,0.023528338733898556,0.08398424834012985,0.21404582680580864,0.2058359831571579
732,0.023790051290036543,0.08535943180322647,0.21764442616285498,0.21075007319450378
733,0.022618763746045854,0.08392828702926636,0.2267308967238183,0.2249162495136261
734,0.02462709297264076,0.08522367477416992,0.22124448248588152,0.20757752656936646
735,0.022556198042129046,0.0814523845911026,0.2183668170944919,0.20701110363006592
736,0.02550468927897189,0.08612413704395294,0.21881717178976479,0.20715615153312683
737,0.023828892310595384,0.08513877540826797,0.21478928989256996,0.20322400331497192
738,0.02354671075211271,0.08414771407842636,0.2192936526897781,0.20348726212978363
739,0.02364210084931034,0.08355163037776947,0.22262095998848674,0.21170024573802948
740,0.023501397414213938,0.08378878235816956,0.2182866230240998,0.20964889228343964
741,0.023305035105137074,0.08418191224336624,0.21648636592549114,0.20316770672798157
742,0.023623404538501865,0.08306185901165009,0.22392874715256428,0.2089078575372696
743,0.02413361207784518,0.08524805307388306,0.21828942456638378,0.2097581923007965
744,0.022324817275385492,0.0832548588514328,0.22291924047583445,0.20869235694408417
745,0.024377956733350522,0.08440861850976944,0.2174444608567445,0.20249666273593903
746,0.024185264614694144,0.08395131677389145,0.21734635677430691,0.20368115603923798
747,0.02321635443798226,0.08356716483831406,0.2177061262273373,0.20557375252246857
748,0.023575417970752587,0.08499788492918015,0.22004191230291797,0.20450982451438904
749,0.02486081485150625,0.08367331326007843,0.21692910181172487,0.20175790786743164
750,0.022340138554168137,0.08262252062559128,0.21998553976959737,0.20675216615200043
751,0.023406418202363926,0.08419967442750931,0.22019785666239053,0.2074124813079834
752,0.023447939999523045,0.08336959779262543,0.21956711311465965,0.2096123993396759
753,0.02349374530857186,0.08496387302875519,0.2141721483508919,0.20254845917224884
754,0.023115040977364002,0.08547265082597733,0.215696506478223,0.2041739672422409
755,0.024420294404515753,0.08601176738739014,0.21597103620458707,0.19995100796222687
756,0.022757981164866815,0.08291731029748917,0.21793375047375396,0.1986691951751709
757,0.02286227157784869,0.08175276964902878,0.21745685623772737,0.20365920662879944
758,0.02361088154999458,0.08241765201091766,0.22313358128165292,0.20740468800067902
759,0.024997335038674268,0.08462879806756973,0.2154359094408915,0.20135809481143951
760,0.02397373573773581,0.08322320133447647,0.21525242886906001,0.19907228648662567
761,0.022286379800947463,0.08070845901966095,0.22035697733071263,0.2054077684879303
762,0.02421674022005628,0.08446846157312393,0.21659807811259468,0.20120245218276978
763,0.022185011807343235,0.0802646204829216,0.21627277244478701,0.20635166764259338
764,0.023345975529240524,0.08322230726480484,0.2181208812869294,0.1993204653263092
765,0.023178992600625625,0.08404582738876343,0.21702657897385477,0.1991681158542633
766,0.02352196968201062,0.08069062232971191,0.2175368148060117,0.20338572561740875
767,0.02299056250763976,0.08356299251317978,0.21782326618011705,0.2002054750919342
768,0.023248184624168534,0.08358285576105118,0.2222088582447705,0.21040815114974976
769,0.023689067051948412,0.08232559263706207,0.21694179107147238,0.2108404040336609
770,0.023386598549499784,0.08233784139156342,0.2182897281391685,0.2019893079996109
771,0.02351030091876569,0.08347835391759872,0.21200416632669664,0.19683654606342316
772,0.022560664194474077,0.08222661167383194,0.22105075459094886,0.20578204095363617
773,0.02340501559007427,0.0811389610171318,0.2253552661078101,0.22195756435394287
774,0.02323525909172452,0.08225671201944351,0.21787532872377222,0.20725469291210175
775,0.02318729180842638,0.08419062942266464,0.21751214367840824,0.20253705978393555
776,0.02397991206658923,0.08317778259515762,0.2133544383071682,0.20124629139900208
777,0.02486175968838127,0.0830230563879013,0.2162657728663715,0.19906683266162872
778,0.02189941360088794,0.08047223091125488,0.21541963888423757,0.20123904943466187
779,0.024237038962462026,0.08506111800670624,0.21140384674072266,0.1954822987318039
780,0.022973236658245973,0.08211404085159302,0.21914689523860129,0.21109385788440704
781,0.023805041858197554,0.08399541676044464,0.21734296833939862,0.20702694356441498
782,0.022606835346264037,0.07940442860126495,0.2116104351761035,0.19843341410160065
783,0.023246933301181896,0.084254190325737,0.21071779118664857,0.20163299143314362
784,0.022533007052160152,0.08184567093849182,0.21618649713022017,0.20134702324867249
785,0.02362555218860507,0.08374065905809402,0.20992578251992844,0.1981264352798462
786,0.021858497381048357,0.08056550472974777,0.21090975011774174,0.19577418267726898
787,0.02299669175914934,0.08208180218935013,0.20974657518077766,0.19617028534412384
788,0.022945525559961148,0.08217958360910416,0.21268864261745085,0.20012076199054718
789,0.022253895957913737,0.08091685175895691,0.2147666211173576,0.201575368642807
790,0.023689768469447026,0.08368445187807083,0.21750538400632644,0.20664532482624054
791,0.021734489897347015,0.08176185190677643,0.21229750295826447,0.20319154858589172
792,0.02367364766035715,0.08361692726612091,0.21146053994419836,0.1993963122367859
793,0.023185836414442114,0.08274728059768677,0.211102954984278,0.19704197347164154
794,0.023114648647606373,0.08284905552864075,0.21012652822417427,0.19574420154094696
795,0.021624023681911436,0.0812009796500206,0.21418021311142177,0.19587282836437225
796,0.0233608631660109,0.08162087202072144,0.21646579069258104,0.20053988695144653
797,0.023414652850276427,0.08325669169425964,0.21626988152505477,0.20188459753990173
798,0.023404962514810588,0.0831776112318039,0.21073181855473105,0.1978972852230072
799,0.021712298606238935,0.08218280971050262,0.21191299816507922,0.1998448669910431
800,0.023336764242824003,0.08186858147382736,0.2114850838097453,0.19771283864974976
801,0.021840939925902563,0.0831092968583107,0.21464912410347284,0.20257793366909027
802,0.02402513252530733,0.08420193940401077,0.20844892286083022,0.19640493392944336
803,0.022249899612253776,0.08258061856031418,0.21069685134759228,0.19739499688148499
804,0.022000277060610446,0.08086740225553513,0.2126256233013328,0.19881358742713928
805,0.023016313870396952,0.08211471885442734,0.21249696609996577,0.1979435235261917
806,0.022502227261176577,0.0818210169672966,0.21236735224582126,0.20002637803554535
807,0.02185003862351827,0.08134995400905609,0.2141050948582814,0.19658105075359344
808,0.02291417793046845,0.08235006034374237,0.2116333398312661,0.19576121866703033
809,0.022432206881880436,0.08180932700634003,0.21122440704618317,0.1957353800535202
810,0.022360111515888053,0.08182962238788605,0.21523133801110383,0.2030714899301529
811,0.021740785131797842,0.08173076808452606,0.21393706217089375,0.20289558172225952
812,0.02265517167625544,0.08218076080083847,0.2123587935596185,0.19687286019325256
813,0.02215626489614015,0.08150915056467056,0.2106850258710834,0.19428618252277374
814,0.02120625532394194,0.08055732399225235,0.21430851743451768,0.197963684797287
815,0.022882333318905337,0.08293795585632324,0.21559882887510698,0.20009872317314148
816,0.022467009956017137,0.08188960701227188,0.21042079918924866,0.20128872990608215
817,0.02337838345936135,0.08384896069765091,0.2108445063634833,0.19692476093769073
818,0.02274669349477019,0.083084337413311,0.21332637434928617,0.19460421800613403
819,0.022346263321157057,0.08191423863172531,0.21307811608594118,0.19729898869991302
820,0.021586467937120924,0.08130054175853729,0.21306312041690723,0.1942199319601059
821,0.02132995706051588,0.0810704156756401,0.21519304091692348,0.2011287659406662
822,0.023548477865836543,0.08319588005542755,0.21155545573604845,0.19392579793930054
823,0.02232139368298585,0.08031927049160004,0.21445103497399393,0.19695471227169037
824,0.022873131669652852,0.08170709013938904,0.21378597611245564,0.19470804929733276
825,0.023423248142732875,0.08199466019868851,0.21369121685364356,0.1979587823152542
826,0.02177356445716451,0.0804142877459526,0.21436050149911745,0.20375534892082214
827,0.02242014341501762,0.0814623087644577,0.21799421122684343,0.20710481703281403
828,0.022349800489356985,0.08123636990785599,0.21896649224066697,0.2095201462507248
829,0.0219316346793557,0.08238043636083603,0.2158879852616088,0.19777575135231018
830,0.022982627512765644,0.08126038312911987,0.2154678316010537,0.19576452672481537
831,0.022290019444999812,0.08058544993400574,0.22041683144595847,0.2004810869693756
832,0.022187800592054493,0.08259673416614532,0.21329341802846422,0.19476595520973206
833,0.023093397172329867,0.08195624500513077,0.21399001627215872,0.1956721395254135
834,0.021911164371134793,0.07990804314613342,0.2125593834865112,0.196561798453331
835,0.021175930357497673,0.07929013669490814,0.2144112947342324,0.1995040774345398
836,0.023020332932229274,0.08165156096220016,0.21543993975040274,0.19591595232486725
837,0.021988127026302012,0.07930386811494827,0.21550250089418868,0.2010754644870758
838,0.023700777319786343,0.0845557376742363,0.2188466628408281,0.20219217240810394
839,0.021761512667264626,0.07997874915599823,0.21559909388729964,0.20241765677928925
840,0.02281404909191896,0.08084762096405029,0.21358545555802513,0.19480204582214355
841,0.022536421913410657,0.08131632208824158,0.21566665386294034,0.21086916327476501
842,0.022855545070184315,0.08167892694473267,0.21582037186849326,0.20317527651786804
843,0.023415426966612755,0.08220110088586807,0.21752133252314645,0.20331303775310516
844,0.022143221779159554,0.08135447651147842,0.21440991098075962,0.19886530935764313
845,0.022481129960278453,0.07989475131034851,0.21547530277406357,0.19644759595394135
846,0.02299435321322602,0.08129631727933884,0.2153865657687754,0.1952732652425766
847,0.02314912679645678,0.0816555917263031,0.21527424366132203,0.20065419375896454
848,0.021094597501518285,0.07926984876394272,0.21906489537653945,0.2035757303237915
849,0.021596312209072967,0.08008961379528046,0.21774935127249231,0.19895102083683014
850,0.02277493631750669,0.08131285756826401,0.21653053235327574,0.19829456508159637
851,0.021900187864008804,0.07889026403427124,0.21566407519456135,0.1997242271900177
852,0.02172389536913808,0.08036337792873383,0.21367380097980734,0.19944271445274353
853,0.021723022380762774,0.07981432974338531,0.21543805780577016,0.1991730034351349
854,0.022043758512312626,0.08016377687454224,0.2170029780377299,0.1985604465007782
855,0.02275522234444709,0.08107685297727585,0.21766153804473756,0.19857731461524963
856,0.02241139815431898,0.08015166223049164,0.2147375696623571,0.20102757215499878
857,0.021906529543111505,0.0817161276936531,0.22015625623345564,0.20021405816078186
858,0.022050619024135496,0.08188362419605255,0.21705022287774955,0.19706349074840546
859,0.022069044846474477,0.07947885245084763,0.23119026087165445,0.2370573729276657
860,0.021621576859615743,0.07967597991228104,0.2164183898508643,0.1999283730983734
861,0.022224501028414004,0.08203683793544769,0.21856352182698513,0.19865405559539795
862,0.022751305029606043,0.07929965853691101,0.22055139884990294,0.20951838791370392
863,0.022512458254704656,0.0817049965262413,0.21664604247088667,0.20184119045734406
864,0.02026781454965796,0.07776404172182083,0.22058413986547623,0.20026730000972748
865,0.02297992604460729,0.07983479648828506,0.21849325639321196,0.19936616718769073
866,0.021495531060044534,0.07915574312210083,0.21477806766513033,0.19685739278793335
867,0.02212368605820381,0.08058740943670273,0.21753067427599676,0.20191673934459686
868,0.022994467330610623,0.08011958003044128,0.22347773316356156,0.21925979852676392
869,0.022127104447344722,0.08001898229122162,0.21758456431364673,0.19675572216510773
870,0.0216758211305284,0.0808957889676094,0.21775727211637938,0.20286265015602112
871,0.023022811718123114,0.07988491654396057,0.21421737766421728,0.1973574459552765
872,0.022057871389931635,0.0792604461312294,0.21292983589135997,0.196946918964386
873,0.022511503932511678,0.08045729249715805,0.21704544560325506,0.19838546216487885
874,0.021604632118554866,0.08023519814014435,0.216551386988862,0.1987694650888443
875,0.021112985250985494,0.07930324226617813,0.2152531117602309,0.1972028911113739
876,0.02135407131003297,0.08063581585884094,0.21635668740125164,0.19460396468639374
877,0.02303809973249293,0.08124089986085892,0.21592241988507013,0.1972557157278061
878,0.02230207586620489,0.07966818660497665,0.21416262854864782,0.19742272794246674
879,0.021519097459057102,0.07953057438135147,0.21707680542759963,0.19979563355445862
880,0.022131273087680987,0.08062833547592163,0.2145285671562098,0.1942427158355713
881,0.021994783370958074,0.08049685508012772,0.21360579364462245,0.1959676593542099
882,0.022307172974409616,0.0811697319149971,0.21337008953283404,0.1993567943572998
883,0.021752665770928496,0.07863298058509827,0.21977638707108052,0.2034405767917633
884,0.02136470406802128,0.07989238947629929,0.2171225471985888,0.201532781124115
885,0.021860696243770097,0.07948257774114609,0.21692573091401918,0.19964656233787537
886,0.0226317653938642,0.08177541941404343,0.21528355818590159,0.19769765436649323
887,0.02189504642687414,0.08051656186580658,0.2146017830553221,0.1965128481388092
888,0.02124286834757937,0.08053252846002579,0.21454617839229845,0.20215211808681488
889,0.02218319190180172,0.07988633215427399,0.2110630323292714,0.1929364651441574
890,0.02111701498253514,0.07831349223852158,0.2119577633196314,0.19488325715065002
891,0.021579016966785748,0.08001628518104553,0.2150803591388908,0.2081747204065323
892,0.021973965932493626,0.0811491310596466,0.21278407938317906,0.19477853178977966
893,0.023106784893847678,0.08105282485485077,0.21230406395606874,0.19676196575164795
894,0.021555931378236932,0.07939007133245468,0.21444857016607247,0.19616976380348206
895,0.023136114711751758,0.0811600610613823,0.21652622624239906,0.208096444606781
896,0.021608130338237337,0.0802689790725708,0.21245883648444658,0.1966981142759323
897,0.02171757066136469,0.07888735085725784,0.21410469367226406,0.1968495398759842
898,0.021609406078072345,0.07922442257404327,0.21601945043743695,0.20409324765205383
899,0.021743249340468774,0.08034000545740128,0.21570113761182255,0.19984690845012665
900,0.020853303534829098,0.07923425734043121,0.21844981778442576,0.19846223294734955
901,0.02177715077287639,0.07992727309465408,0.21521595187733178,0.1977686583995819
902,0.021767612242990213,0.0807073712348938,0.21749453006899677,0.20101751387119293
903,0.021736132608645636,0.0798594281077385,0.21211915714710525,0.1958751231431961
904,0.021085076449114993,0.07948575168848038,0.21485049429861755,0.1981959342956543
905,0.021746073965914547,0.07955721020698547,0.209581698366277,0.19497354328632355
906,0.0222686352815641,0.08042372018098831,0.21050175615894814,0.19344210624694824
907,0.022093180394933923,0.08051387965679169,0.21317983098717763,0.19456030428409576
908,0.021119208783721147,0.07941918075084686,0.2143914707111292,0.1988385021686554
909,0.022660970232327996,0.0807969719171524,0.21490881650482796,0.19781531393527985
910,0.02135158138876052,0.07900640368461609,0.22090142988931924,0.21151015162467957
911,0.02115299718697434,0.07868078351020813,0.21504720596806184,0.2012268453836441
912,0.021385863716916545,0.07982994616031647,0.22150561104863645,0.22073934972286224
913,0.022467366834778502,0.08080285787582397,0.21650201528555996,0.1983063966035843
914,0.020278189513508394,0.07816113531589508,0.21708693801648266,0.19523456692695618
915,0.021439576116592987,0.07819171249866486,0.2175789720212034,0.196816086769104
916,0.02126401109094529,0.07789584249258041,0.21714411908539274,0.2024351805448532
917,0.021391889272743592,0.08047258853912354,0.2176762480176572,0.19596603512763977
918,0.020281865494325757,0.07849030196666718,0.21595977027140403,0.20113860070705414
919,0.021980681426256247,0.07853613793849945,0.21494020836534075,0.19584812223911285
920,0.022224825887900333,0.08023367822170258,0.21383573608428666,0.19765982031822205
921,0.02248596753317701,0.08042222261428833,0.21632098329804023,0.20586304366588593
922,0.02184405137339364,0.07868391275405884,0.21492583938710474,0.19489559531211853
923,0.021199999043070104,0.0776633620262146,0.21415290529891354,0.19283387064933777
924,0.021489957332327638,0.0780729278922081,0.21512195198736175,0.19709736108779907
925,0.02161251355731941,0.07972045242786407,0.21326628969701836,0.19506758451461792
926,0.02215397276956102,0.0801420584321022,0.21565324571072206,0.1985325813293457
927,0.021584295839800136,0.07947871834039688,0.21766341894439964,0.2001754641532898
928,0.021199931046399084,0.07734370976686478,0.22397146667405468,0.21744930744171143
929,0.02054508360426711,0.07926960289478302,0.21371599696517557,0.19608746469020844
930,0.02140518610932581,0.08006013929843903,0.21295577316012132,0.19682128727436066
931,0.02310506949889595,0.08169499784708023,0.2155770790746964,0.1946154087781906
932,0.020278387935832143,0.07722058892250061,0.22237953293342408,0.20802925527095795
933,0.02219494840170702,0.08028174936771393,0.21580176454527442,0.19842436909675598
934,0.021296513297230653,0.08001695573329926,0.21409551239618219,0.1961352676153183
935,0.02188206469113736,0.07854782044887543,0.21688453705092853,0.19570006430149078
936,0.020850927933402683,0.07806061208248138,0.21771925931025987,0.2012144923210144
937,0.022122671422751053,0.08059246093034744,0.2181095526259977,0.1996045708656311
938,0.0206169492929526,0.07876136153936386,0.21958946274879806,0.22053775191307068
939,0.022369837697149942,0.08260548859834671,0.21643275107521262,0.19665838778018951
940,0.020754674510301455,0.07626989483833313,0.2133362035129792,0.19253379106521606
941,0.022405035216766206,0.08037317544221878,0.21586915691237063,0.19435051083564758
942,0.020924127959322348,0.07644794881343842,0.2185920804691768,0.2068510204553604
943,0.02108983083061226,0.08025594055652618,0.22081489017950562,0.19919143617153168
944,0.02153767450996067,0.07909009605646133,0.21714947813097535,0.2009245753288269
945,0.020341481026464506,0.07742468267679214,0.21698303126306429,0.19739288091659546
946,0.022456978326258453,0.08045008033514023,0.21957377017300028,0.20017912983894348
947,0.02156922513740542,0.07958104461431503,0.21438050832121194,0.19477078318595886
948,0.021234182762387005,0.07921881973743439,0.21881824948495807,0.19653181731700897
949,0.021631760052000376,0.07929840683937073,0.21952296681288871,0.20086409151554108
950,0.022314226052359394,0.07938983291387558,0.21571474861229656,0.19530461728572845
951,0.020304725788857624,0.07717017084360123,0.21940457466665048,0.19942606985569
952,0.021381233029229486,0.0767599567770958,0.21686125226708486,0.1946551650762558
953,0.02120099340201072,0.07841921597719193,0.21519070193643805,0.1950816661119461
954,0.021278964801003105,0.07847841084003448,0.21709751622919612,0.1957378089427948
955,0.020326994582200827,0.0773034319281578,0.21732958220831,0.19695833325386047
956,0.022511501826912812,0.08188241720199585,0.21831536049793715,0.20490266382694244
957,0.021039630544533873,0.07853434234857559,0.21800840611786548,0.2007974535226822
958,0.021666495676111917,0.07973836362361908,0.21642322134279696,0.19875672459602356
959,0.02062376935804344,0.07766497880220413,0.21902597602309212,0.19644156098365784
960,0.020388382557860536,0.07729672640562057,0.22257844636160673,0.2011556178331375
961,0.022097764015400215,0.07927847653627396,0.2196741308515121,0.2106526643037796
962,0.020955935150951795,0.0783739686012268,0.2177699462830926,0.19793780148029327
963,0.021484601473354775,0.07965964078903198,0.21777959179764883,0.2007295787334442
964,0.021355666938926213,0.07933557778596878,0.21705122164519955,0.20210300385951996
965,0.02143409282333501,0.0783471167087555,0.2196491356590754,0.20048056542873383
966,0.02138078821134632,0.08024591207504272,0.2176714780874751,0.20232926309108734
967,0.0202454660674962,0.07718122750520706,0.21890084079441668,0.19859348237514496
968,0.02243018504637091,0.07986459881067276,0.21628183856157795,0.19720837473869324
969,0.020520496303620545,0.07649160921573639,0.21631967275154004,0.20006906986236572
970,0.021499833750093112,0.07927363365888596,0.21467590616593837,0.1920768767595291
971,0.020189767050475853,0.07682104408740997,0.2190617882600866,0.1947798728942871
972,0.020893808945244098,0.07843704521656036,0.21472034165296236,0.19420452415943146
973,0.021126024506014328,0.07870113849639893,0.21705302865304962,0.1951298713684082
974,0.021551864090092156,0.0784359946846962,0.21747925750049282,0.19633488357067108
975,0.020560409549785698,0.07684183865785599,0.21558327795184926,0.20244209468364716
976,0.021328464403505557,0.07870596647262573,0.2204763568146671,0.201470285654068
977,0.022466407349819074,0.08026745915412903,0.2224900553183019,0.21613158285617828
978,0.020923375951774095,0.07796720415353775,0.21819494859494046,0.19727317988872528
979,0.020166056392633396,0.07770361751317978,0.2199855995926823,0.20542922616004944
980,0.022089875576531758,0.07935628294944763,0.218458232016741,0.1949627846479416
981,0.02056129957022874,0.07767851650714874,0.21786527616664084,0.1966082900762558
982,0.021448278101161122,0.07770970463752747,0.22054900979939052,0.2013799548149109
983,0.02108203912275317,0.07805348932743073,0.2174308222796762,0.2008105218410492
984,0.020936252493613763,0.07999086380004883,0.22424165892714365,0.20898379385471344
985,0.020274587653820283,0.0768325924873352,0.22221850573119195,0.2049918919801712
986,0.021820356507542663,0.07975190132856369,0.21730845849577296,0.19426634907722473
987,0.020271398926801656,0.07710825651884079,0.22116035361155845,0.20054122805595398
988,0.02129786577500889,0.07875458896160126,0.219483533570109,0.19747266173362732
989,0.020676045612756,0.07888662070035934,0.21575468218931115,0.19265951216220856
990,0.02102895668687542,0.07787258923053741,0.21772435168173346,0.1953808069229126
991,0.01983330102191995,0.07723074406385422,0.21785147073671293,0.1967020481824875
992,0.021894748666850122,0.07922236621379852,0.21581387972066596,0.19497743248939514
993,0.01940175804876439,0.07654402405023575,0.22303128171647219,0.2003384381532669
994,0.02077187700500793,0.07878704369068146,0.22142634959965235,0.19973216950893402
995,0.019604493590557704,0.07635773718357086,0.2162627846108847,0.19616958498954773
996,0.021888415025466162,0.07922428846359253,0.21810476108795113,0.1966235190629959
997,0.021309608765675322,0.07856262475252151,0.2213107066468089,0.2099180817604065
998,0.020303447821946895,0.07737099379301071,0.22044727206230164,0.19962838292121887
999,0.020521537132520716,0.0775274783372879,0.21620500238875012,0.1980835646390915
